,Page total likes,Type,Category,Post Month,Post Weekday,Post Hour,Paid,Lifetime Post Total Reach,Lifetime Post Total Impressions,Lifetime Engaged Users,Lifetime Post Consumers,Lifetime Post Consumptions,Lifetime Post Impressions by people who have liked your Page,Lifetime Post reach by people who like your Page,Lifetime People who have liked your Page and engaged with your post,comment,like,share,Total Interactions
1,139441,Status,2,12,3,10,0.0,10460,19057.0,1457.0,1361.0,1674,11710.0,6112,1108,5,130.0,29.0,164.0
2,139441,Photo,3,12,3,3,0.0,2413,4373.0,177.0,113.0,154,2812.0,1503,132,0,66.0,14.0,80.0
3,139441,Photo,2,12,2,10,1.0,50128,87991.0,2211.0,790.0,1119,61027.0,32048,1386,58,1572.0,147.0,1777.0
4,139441,Photo,2,12,2,3,0.0,7244,13594.0,671.0,410.0,580,6228.0,3200,396,19,325.0,49.0,393.0
5,139441,Status,2,12,1,9,0.0,10472,20849.0,1191.0,1073.0,1389,16034.0,7852,1016,1,152.0,33.0,186.0
6,139441,Photo,3,12,1,3,1.0,11692,19479.0,481.0,265.0,364,15432.0,9328,379,3,249.0,27.0,279.0
7,139441,Photo,3,12,7,9,1.0,13720,24137.0,537.0,232.0,305,19728.0,11056,422,0,325.0,14.0,339.0
8,139441,Status,2,12,7,3,0.0,11844,22538.0,1530.0,1407.0,1692,15220.0,7912,1250,0,161.0,31.0,192.0
9,139441,Photo,3,12,6,10,0.0,4694,8668.0,280.0,183.0,250,4309.0,2324,199,3,113.0,26.0,142.0
10,139441,Status,2,12,5,10,0.0,21744,42334.0,4258.0,4100.0,4540,37849.0,18952,3798,0,233.0,19.0,252.0
11,139441,Photo,2,12,5,10,0.0,3112,5590.0,208.0,127.0,145,3887.0,2174,165,0,88.0,18.0,106.0
12,139441,Photo,2,12,5,10,0.0,2847,5133.0,193.0,115.0,133,3779.0,2072,152,0,90.0,14.0,104.0
13,139441,Photo,2,12,5,3,0.0,2549,4896.0,249.0,134.0,168,3631.0,1917,183,5,137.0,10.0,152.0
14,138414,Photo,2,12,4,5,1.0,22784,39941.0,887.0,337.0,417,34415.0,19312,684,2,577.0,20.0,599.0
15,138414,Status,2,12,3,10,0.0,10060,19680.0,1264.0,1209.0,1425,17272.0,8548,1162,4,86.0,18.0,108.0
16,138414,Photo,3,12,3,3,0.0,1722,2981.0,163.0,123.0,148,1868.0,1050,123,2,40.0,12.0,54.0
17,138414,Photo,1,12,2,12,1.0,53264,111785.0,1706.0,1103.0,1655,92512.0,39776,1307,15,678.0,20.0,713.0
18,138414,Status,3,12,2,3,0.0,3930,7509.0,130.0,86.0,112,5009.0,2410,101,4,54.0,17.0,75.0
19,138414,Photo,3,12,1,11,0.0,1591,2825.0,121.0,88.0,111,2116.0,1161,100,0,34.0,8.0,42.0
20,138414,Photo,2,12,1,3,0.0,2848,5066.0,200.0,142.0,184,3561.0,1963,157,3,66.0,12.0,81.0
21,138414,Photo,1,12,7,10,0.0,1384,2467.0,15.0,15.0,20,2196.0,1172,15,0,0.0,0.0,0.0
22,138414,Link,1,12,7,10,0.0,3454,6853.0,118.0,104.0,130,6282.0,3100,106,0,16.0,2.0,18.0
23,138414,Photo,3,12,7,3,0.0,2723,4888.0,176.0,118.0,143,2964.0,1621,143,0,72.0,24.0,96.0
24,138414,Status,2,12,6,10,0.0,8488,15294.0,1341.0,1270.0,1489,9684.0,5244,995,3,99.0,19.0,121.0
25,138458,Status,2,12,6,3,0.0,8284,15104.0,1521.0,1462.0,1711,10266.0,5372,1200,0,88.0,18.0,106.0
26,138458,Status,2,12,5,11,0.0,19552,34143.0,2806.0,2531.0,3420,17748.0,9824,1779,10,412.0,72.0,494.0
27,138458,Photo,3,12,5,3,0.0,2478,4306.0,212.0,124.0,149,2612.0,1443,166,0,100.0,17.0,117.0
28,138895,Photo,2,12,5,3,0.0,9560,18264.0,973.0,559.0,885,9217.0,4748,621,36,523.0,63.0,622.0
29,138895,Video,1,12,4,11,1.0,36208,61262.0,1141.0,1068.0,1728,30131.0,14112,559,18,143.0,13.0,174.0
30,138895,Photo,2,12,4,2,0.0,4940,9390.0,385.0,306.0,501,5860.0,2930,273,33,107.0,22.0,162.0
31,138895,Photo,2,12,3,10,0.0,1683,2929.0,192.0,171.0,221,1585.0,858,131,1,27.0,11.0,39.0
32,138895,Photo,3,12,3,3,0.0,5280,9578.0,368.0,237.0,345,4480.0,2422,268,2,155.0,47.0,204.0
33,138895,Photo,3,12,2,9,0.0,3002,5318.0,268.0,185.0,247,3039.0,1676,194,4,98.0,23.0,125.0
34,138895,Photo,1,12,2,3,0.0,3766,7149.0,298.0,260.0,431,5782.0,2938,244,2,56.0,17.0,75.0
35,138895,Photo,2,12,1,11,0.0,4512,7808.0,423.0,284.0,431,5183.0,2954,316,6,172.0,21.0,199.0
36,138895,Photo,3,12,1,3,0.0,2690,4628.0,252.0,168.0,226,3052.0,1727,199,0,96.0,17.0,113.0
37,138895,Photo,1,12,7,10,1.0,19800,28663.0,479.0,424.0,805,5187.0,2752,248,16,76.0,8.0,100.0
38,138895,Status,2,12,7,9,0.0,17576,33058.0,5352.0,5202.0,6547,23135.0,11792,4104,11,227.0,31.0,269.0
39,138895,Photo,1,12,7,3,0.0,3290,6085.0,306.0,284.0,402,4986.0,2584,247,1,44.0,14.0,59.0
40,138895,Status,2,12,6,11,0.0,13280,24198.0,2055.0,1912.0,2720,17627.0,9344,1716,7,216.0,39.0,262.0
41,138895,Link,1,12,6,3,1.0,18480,28438.0,517.0,366.0,460,12078.0,6752,319,6,187.0,18.0,211.0
42,138353,Photo,1,12,5,10,0.0,7268,13989.0,2087.0,2079.0,12074,13544.0,7096,1975,7,26.0,3.0,36.0
43,138353,Link,1,12,5,3,1.0,2645,4270.0,134.0,109.0,170,2330.0,1377,101,7,29.0,10.0,46.0
44,138353,Photo,1,12,4,11,0.0,4284,8387.0,355.0,316.0,513,7283.0,3634,291,0,47.0,11.0,58.0
45,138353,Link,1,12,4,3,1.0,7968,13023.0,206.0,158.0,223,6734.0,3492,138,4,57.0,10.0,71.0
46,138353,Status,1,12,3,11,0.0,16576,30612.0,3572.0,3464.0,4802,24363.0,12888,3014,4,174.0,36.0,214.0
47,138353,Link,1,12,3,2,0.0,1925,3481.0,97.0,83.0,126,2307.0,1180,77,6,18.0,8.0,32.0
48,138353,Photo,1,12,2,11,0.0,3786,7329.0,338.0,283.0,450,6336.0,3216,280,0,77.0,15.0,92.0
49,138353,Link,1,12,2,2,0.0,1536,3094.0,84.0,76.0,99,2903.0,1407,76,1,12.0,1.0,14.0
50,138353,Photo,2,11,1,9,0.0,1728,3155.0,108.0,65.0,95,2313.0,1232,77,1,48.0,9.0,58.0
51,138329,Photo,1,11,1,3,1.0,25248,40125.0,726.0,467.0,863,16132.0,8608,451,24,285.0,28.0,337.0
52,138329,Photo,1,11,7,9,0.0,4894,8899.0,355.0,181.0,264,4914.0,2712,246,9,202.0,31.0,242.0
53,138329,Photo,1,11,7,3,0.0,2935,5439.0,237.0,182.0,401,3901.0,2044,201,4,64.0,19.0,87.0
54,138329,Photo,1,11,6,10,0.0,2425,4462.0,260.0,213.0,433,3017.0,1510,175,4,66.0,13.0,83.0
55,138329,Video,1,11,6,2,1.0,16416,31950.0,459.0,411.0,539,21436.0,9568,363,2,65.0,14.0,81.0
56,138329,Photo,1,11,5,11,0.0,5812,10465.0,343.0,204.0,301,4976.0,2764,240,2,164.0,54.0,220.0
57,138329,Photo,1,11,5,3,0.0,2545,4846.0,165.0,131.0,167,3675.0,1901,134,0,40.0,13.0,53.0
58,138329,Photo,1,11,4,10,0.0,2257,4372.0,230.0,173.0,327,3188.0,1557,168,3,76.0,11.0,90.0
59,138329,Photo,1,11,4,3,1.0,27072,84885.0,421.0,304.0,487,35637.0,9712,263,4,139.0,17.0,160.0
60,138185,Photo,1,11,3,11,1.0,10940,27951.0,417.0,335.0,591,15066.0,5100,319,8,101.0,14.0,123.0
61,138185,Photo,1,11,3,2,1.0,50912,164528.0,630.0,513.0,952,54653.0,12704,346,8,144.0,10.0,162.0
62,138185,Photo,1,11,2,10,1.0,28752,47358.0,802.0,654.0,1268,14091.0,7456,408,10,179.0,13.0,202.0
63,138185,Photo,1,11,2,3,1.0,27216,81908.0,541.0,335.0,540,26869.0,7760,315,4,219.0,22.0,245.0
64,138185,Photo,1,11,1,10,0.0,2352,5234.0,232.0,182.0,258,4101.0,1761,181,2,60.0,7.0,69.0
65,138185,Photo,1,11,1,3,0.0,3416,6167.0,356.0,298.0,641,4530.0,2388,280,19,77.0,23.0,119.0
66,138185,Photo,1,11,7,11,0.0,2149,4120.0,197.0,156.0,219,3302.0,1640,161,0,48.0,7.0,55.0
67,138185,Photo,1,11,7,3,1.0,53456,93790.0,1576.0,995.0,1469,32646.0,14912,884,20,697.0,70.0,787.0
68,138185,Photo,1,11,6,11,0.0,2168,3891.0,211.0,168.0,202,2873.0,1539,171,0,53.0,17.0,70.0
69,137893,Photo,1,11,6,3,0.0,3102,5939.0,360.0,288.0,512,3537.0,1780,275,7,84.0,28.0,119.0
70,137893,Photo,1,11,5,10,1.0,39344,103050.0,588.0,460.0,695,39304.0,11392,336,7,146.0,9.0,162.0
71,137893,Video,1,11,5,3,1.0,100768,220447.0,2101.0,1735.0,2331,59658.0,18880,885,17,449.0,84.0,550.0
72,137893,Status,3,11,4,11,0.0,9056,16362.0,1006.0,847.0,1153,9562.0,5180,740,3,226.0,44.0,273.0
73,137893,Photo,1,11,4,2,1.0,11444,46054.0,555.0,418.0,717,13737.0,4320,438,14,172.0,47.0,233.0
74,137893,Video,1,11,3,11,0.0,13544,30235.0,517.0,458.0,667,26622.0,11760,447,2,99.0,13.0,114.0
75,137893,Photo,1,11,3,2,1.0,37376,68610.0,1150.0,808.0,1341,22100.0,10880,724,20,411.0,74.0,505.0
76,137893,Photo,1,11,3,2,0.0,1228,2392.0,17.0,17.0,19,2392.0,1228,17,0,0.0,0.0,0.0
77,137177,Photo,1,11,1,10,0.0,22984,59040.0,438.0,374.0,542,12716.0,4968,262,4,85.0,8.0,97.0
78,137177,Photo,2,11,1,3,0.0,1445,2774.0,217.0,167.0,211,1924.0,1005,154,0,56.0,8.0,64.0
79,137177,Photo,1,11,7,12,0.0,3754,8533.0,658.0,640.0,2085,6838.0,3224,598,2,29.0,7.0,38.0
80,137177,Status,2,11,7,3,0.0,8728,17827.0,2295.0,2235.0,2828,15418.0,7344,2099,2,86.0,13.0,101.0
81,137177,Photo,3,11,6,10,0.0,5990,11123.0,657.0,361.0,512,5057.0,2628,428,18,370.0,53.0,441.0
82,137177,Photo,1,11,6,3,0.0,4582,9193.0,454.0,306.0,431,3691.0,1722,305,5,190.0,57.0,252.0
83,137177,Photo,3,11,5,10,1.0,2938,5799.0,321.0,243.0,379,3668.0,1848,236,2,101.0,19.0,122.0
84,137177,Status,3,11,5,2,0.0,6692,13092.0,199.0,108.0,141,7549.0,3336,156,2,99.0,16.0,117.0
85,137177,Photo,1,11,4,9,1.0,2566,5244.0,384.0,280.0,469,3834.0,1806,266,10,140.0,8.0,158.0
86,137177,Link,1,11,4,3,0.0,21176,54779.0,330.0,228.0,329,13858.0,5248,185,2,130.0,31.0,163.0
87,137177,Photo,3,11,3,10,0.0,4012,7955.0,550.0,319.0,477,4625.0,2218,403,3,270.0,38.0,311.0
88,137177,Photo,1,11,3,3,0.0,1531,2838.0,212.0,189.0,1359,1210.0,690,143,3,30.0,6.0,39.0
89,137059,Photo,1,11,2,11,1.0,2938,6056.0,374.0,283.0,483,4509.0,2078,287,2,107.0,17.0,126.0
90,137059,Photo,1,11,2,3,0.0,24720,37240.0,845.0,564.0,850,14475.0,8120,504,13,331.0,77.0,421.0
91,137059,Photo,2,11,1,9,0.0,2219,4545.0,287.0,220.0,329,3189.0,1495,221,0,78.0,13.0,91.0
92,137059,Photo,3,11,1,3,0.0,4732,9303.0,607.0,352.0,518,6201.0,3136,445,9,301.0,32.0,342.0
93,137059,Photo,3,11,7,9,0.0,2225,4239.0,310.0,216.0,289,2570.0,1389,233,2,111.0,16.0,129.0
94,137059,Photo,2,11,7,4,0.0,2626,4943.0,316.0,213.0,299,3047.0,1605,244,2,124.0,22.0,148.0
95,137059,Photo,3,10,6,10,0.0,3090,5744.0,391.0,257.0,360,3521.0,1796,293,5,153.0,27.0,185.0
96,137059,Photo,1,10,6,3,0.0,1101,2548.0,324.0,287.0,2418,1284.0,704,220,3,51.0,11.0,65.0
97,137059,Photo,2,10,5,11,0.0,2819,5230.0,318.0,218.0,303,3128.0,1622,240,1,115.0,26.0,142.0
98,137020,Status,2,10,5,3,1.0,12468,24917.0,2143.0,1966.0,2576,15850.0,7636,1661,7,310.0,61.0,378.0
99,137020,Photo,1,10,4,10,0.0,12776,21893.0,785.0,539.0,881,13272.0,7800,575,12,328.0,90.0,430.0
100,137020,Photo,1,10,4,9,1.0,1357,2453.0,37.0,37.0,55,2154.0,1120,32,0,0.0,0.0,0.0
101,137020,Photo,2,10,4,3,0.0,68896,104952.0,2624.0,1326.0,1952,35707.0,19840,1354,26,1505.0,95.0,1626.0
102,137020,Photo,3,10,3,10,0.0,1711,3174.0,288.0,245.0,339,2226.0,1118,205,2,63.0,14.0,79.0
103,137020,Photo,1,10,3,4,0.0,1388,2544.0,224.0,219.0,931,2161.0,1214,172,0,13.0,4.0,17.0
104,137020,Photo,1,10,2,11,1.0,2645,5472.0,357.0,315.0,482,4485.0,2101,265,4,59.0,9.0,72.0
105,137020,Photo,1,10,2,4,0.0,70144,111745.0,3216.0,2628.0,4782,43671.0,20608,1542,42,955.0,139.0,1136.0
106,137020,Photo,3,10,1,11,0.0,3674,7221.0,452.0,330.0,487,3832.0,1890,328,9,181.0,32.0,222.0
107,136736,Status,2,10,1,4,0.0,9504,19556.0,1132.0,1032.0,1512,16018.0,7616,981,17,193.0,28.0,238.0
108,136736,Photo,3,10,7,9,0.0,2426,4469.0,320.0,237.0,325,3120.0,1684,248,7,125.0,16.0,148.0
109,136736,Status,2,10,7,3,0.0,13872,27468.0,2664.0,2570.0,3395,20198.0,10432,2252,4,217.0,50.0,271.0
110,136736,Photo,1,10,6,10,0.0,1673,3655.0,338.0,324.0,1619,2598.0,1469,268,2,28.0,4.0,34.0
112,136736,Photo,2,10,6,4,0.0,2428,4510.0,311.0,238.0,323,2888.0,1560,236,4,117.0,18.0,139.0
113,136642,Photo,2,10,1,3,1.0,2227,4070.0,369.0,314.0,430,3227.0,1702,306,2,79.0,16.0,97.0
114,136642,Photo,1,10,7,13,0.0,1592,2749.0,370.0,356.0,414,2551.0,1454,327,0,15.0,2.0,17.0
115,136642,Photo,1,10,7,12,1.0,813,1568.0,323.0,319.0,387,1402.0,695,280,0,4.0,2.0,6.0
116,136642,Photo,1,10,7,12,0.0,32208,57472.0,1810.0,1490.0,2286,56149.0,31648,1724,1,431.0,26.0,458.0
117,136642,Photo,1,10,7,11,0.0,729,1374.0,303.0,298.0,331,1284.0,650,262,0,7.0,0.0,7.0
118,136642,Photo,1,10,7,10,0.0,834,1570.0,399.0,392.0,510,1390.0,704,351,0,7.0,2.0,9.0
119,136393,Photo,1,10,7,10,0.0,786,1573.0,263.0,257.0,318,1401.0,660,222,0,6.0,2.0,8.0
121,136393,Status,2,10,7,9,0.0,15816,30514.0,2733.0,2654.0,3289,23584.0,11912,2361,6,186.0,40.0,232.0
122,136393,Photo,1,10,7,8,0.0,619,1096.0,257.0,254.0,292,951.0,516,217,1,1.0,2.0,4.0
123,136393,Photo,1,10,7,7,0.0,617,1071.0,229.0,223.0,265,935.0,521,191,1,3.0,2.0,6.0
125,136393,Photo,1,10,7,5,0.0,677,1240.0,236.0,228.0,264,1098.0,580,196,0,7.0,2.0,9.0
126,136393,Photo,3,10,7,3,0.0,3366,6647.0,474.0,345.0,495,3180.0,1674,385,3,198.0,41.0,242.0
127,136393,Photo,1,10,6,13,0.0,747,1443.0,226.0,220.0,287,1252.0,632,194,0,9.0,1.0,10.0
128,136393,Photo,1,10,6,13,0.0,645,1117.0,195.0,192.0,224,989.0,554,166,0,4.0,1.0,5.0
129,136393,Photo,1,10,6,12,0.0,754,1510.0,206.0,205.0,252,1430.0,690,175,0,3.0,0.0,3.0
130,136393,Photo,1,10,6,11,0.0,910,1673.0,207.0,201.0,247,1503.0,782,176,0,8.0,2.0,10.0
131,136393,Photo,1,10,6,9,0.0,3906,8239.0,868.0,863.0,2632,7736.0,3768,774,0,7.0,3.0,10.0
132,136393,Photo,1,10,6,9,0.0,659,1158.0,199.0,194.0,239,1041.0,576,169,1,7.0,2.0,10.0
133,136393,Photo,1,10,6,8,0.0,652,1331.0,214.0,206.0,249,1249.0,588,182,0,11.0,1.0,12.0
134,136393,Photo,1,10,6,6,0.0,861,1565.0,214.0,192.0,239,1351.0,717,180,2,28.0,4.0,34.0
135,136393,Photo,1,10,6,2,0.0,3690,7659.0,424.0,388.0,644,6951.0,3290,377,0,56.0,12.0,68.0
136,136393,Link,1,10,5,10,0.0,4664,9463.0,204.0,182.0,251,7196.0,3324,173,0,32.0,16.0,48.0
137,136013,Photo,1,10,5,8,0.0,1080,2427.0,210.0,189.0,249,2195.0,934,184,4,32.0,3.0,39.0
138,136013,Status,2,10,5,3,0.0,8896,17202.0,1480.0,1426.0,1932,13838.0,7020,1292,0,129.0,25.0,154.0
139,136013,Photo,1,10,4,10,1.0,4018,8617.0,428.0,374.0,616,6677.0,2992,351,4,77.0,19.0,100.0
140,136013,Link,1,10,4,3,0.0,68992,229733.0,1032.0,975.0,1345,17842.0,8032,635,15,143.0,44.0,202.0
141,136013,Status,3,10,3,10,0.0,13152,25666.0,2543.0,2438.0,3179,20547.0,10280,2278,2,227.0,36.0,265.0
143,136013,Photo,3,10,2,10,1.0,16776,39549.0,714.0,440.0,720,11860.0,6200,590,10,377.0,60.0,447.0
144,136013,Photo,1,10,2,3,1.0,50736,140432.0,1462.0,1450.0,8308,46252.0,15552,1275,3,41.0,9.0,53.0
145,136013,Photo,1,10,1,10,1.0,5324,11040.0,528.0,483.0,861,8627.0,4054,448,6,76.0,14.0,96.0
146,136013,Photo,3,10,1,3,0.0,18120,44940.0,421.0,282.0,463,4401.0,2616,327,0,189.0,15.0,204.0
147,135713,Photo,3,10,7,10,0.0,2291,3960.0,303.0,243.0,325,3020.0,1723,253,0,80.0,14.0,94.0
148,135713,Status,2,10,7,4,0.0,10744,20691.0,1967.0,1877.0,2201,17502.0,8964,1834,3,148.0,28.0,179.0
149,135713,Link,1,10,6,11,1.0,3616,6887.0,111.0,90.0,118,4263.0,2138,93,0,24.0,11.0,35.0
150,135713,Photo,1,10,6,4,0.0,39984,112830.0,2105.0,1921.0,3932,70249.0,21328,1609,24,302.0,41.0,367.0
151,135713,Photo,2,10,5,11,0.0,4010,7444.0,477.0,370.0,534,4406.0,2362,354,2,166.0,32.0,200.0
152,135713,Photo,2,10,5,4,1.0,6564,12097.0,806.0,602.0,957,7682.0,4024,563,47,358.0,49.0,454.0
153,135713,Photo,1,10,4,10,0.0,8612,20151.0,813.0,727.0,1390,16890.0,7208,630,7,161.0,25.0,193.0
154,135713,Photo,2,10,4,1,0.0,5568,10282.0,746.0,545.0,867,5696.0,3162,537,13,319.0,55.0,387.0
155,135700,Photo,2,9,3,7,0.0,1685,2999.0,322.0,295.0,424,1794.0,953,237,0,54.0,16.0,70.0
156,135700,Photo,2,9,2,11,0.0,3756,7094.0,469.0,408.0,613,4935.0,2556,365,16,117.0,30.0,163.0
157,135700,Photo,3,9,2,2,0.0,2656,4862.0,390.0,309.0,445,3273.0,1722,309,1,115.0,21.0,137.0
158,135700,Photo,2,9,1,10,0.0,5086,9493.0,622.0,509.0,757,6200.0,3298,489,30,187.0,35.0,252.0
159,135617,Photo,2,9,1,3,1.0,2055,3915.0,346.0,288.0,412,2970.0,1507,277,1,84.0,13.0,98.0
160,135617,Photo,3,9,7,9,0.0,9384,14948.0,757.0,452.0,652,11148.0,7020,604,6,363.0,40.0,409.0
161,135617,Photo,2,9,7,3,0.0,3992,7255.0,598.0,447.0,688,4428.0,2420,435,6,244.0,32.0,282.0
162,135617,Photo,3,9,6,10,0.0,7512,13633.0,769.0,614.0,951,5503.0,3260,530,22,290.0,98.0,410.0
163,135617,Status,2,9,6,4,0.0,11096,21080.0,1843.0,1724.0,2106,16095.0,8120,1604,4,243.0,41.0,288.0
165,135428,Photo,2,9,5,3,1.0,2790,4879.0,435.0,360.0,513,3501.0,1999,351,0,113.0,19.0,132.0
166,135428,Photo,1,9,4,10,1.0,13856,37716.0,519.0,450.0,672,26832.0,9064,389,2,77.0,5.0,84.0
167,135428,Photo,3,9,4,2,1.0,10748,19724.0,892.0,498.0,719,13674.0,7624,704,8,485.0,64.0,557.0
168,135428,Photo,1,9,3,10,0.0,41984,68290.0,3370.0,2420.0,4074,34802.0,20928,2126,144,1622.0,208.0,1974.0
169,135428,Photo,2,9,3,2,1.0,2522,4583.0,455.0,390.0,547,3031.0,1674,333,6,99.0,16.0,121.0
170,135195,Photo,3,9,2,9,0.0,4480,8039.0,572.0,430.0,599,5014.0,2704,416,3,188.0,26.0,217.0
171,135195,Photo,1,9,2,2,0.0,1543,2874.0,360.0,334.0,463,2373.0,1228,267,2,30.0,6.0,38.0
172,135195,Status,2,9,1,10,0.0,21256,41906.0,4840.0,4754.0,5906,35455.0,17592,4318,38,163.0,27.0,228.0
173,135195,Photo,1,9,1,4,0.0,4484,7829.0,545.0,424.0,629,4208.0,2412,382,6,179.0,40.0,225.0
174,135195,Photo,2,9,7,3,0.0,4398,8105.0,584.0,446.0,669,4799.0,2616,431,5,204.0,34.0,243.0
175,135195,Status,2,9,6,10,1.0,13216,24738.0,2675.0,2584.0,2969,19599.0,10232,2342,2,165.0,22.0,189.0
176,135195,Photo,3,9,6,3,1.0,22304,37159.0,1805.0,984.0,1618,22864.0,13304,1349,29,1047.0,98.0,1174.0
177,135195,Photo,1,9,5,11,0.0,6208,10830.0,644.0,473.0,678,6866.0,4016,495,2,234.0,40.0,276.0
178,135195,Photo,2,9,5,2,0.0,4518,8533.0,626.0,482.0,729,4215.0,2254,439,7,250.0,42.0,299.0
179,135195,Photo,2,9,4,10,0.0,3582,6518.0,537.0,430.0,597,3857.0,2124,404,4,154.0,36.0,194.0
180,134879,Status,2,9,4,4,1.0,9124,17776.0,1476.0,1397.0,1797,13887.0,7092,1331,20,150.0,29.0,199.0
181,134879,Photo,1,9,3,10,0.0,14152,38806.0,631.0,549.0,836,19409.0,6632,404,4,102.0,8.0,114.0
182,134879,Photo,3,9,3,2,1.0,4260,7989.0,588.0,435.0,622,4578.0,2432,436,1,226.0,44.0,271.0
183,134879,Video,1,9,2,10,0.0,30624,56950.0,2080.0,1956.0,3253,32033.0,15744,1376,6,345.0,121.0,472.0
184,134879,Photo,2,9,2,3,0.0,2363,4223.0,393.0,348.0,476,3332.0,1788,297,11,68.0,11.0,90.0
185,134879,Photo,1,9,1,10,0.0,2232,4005.0,374.0,335.0,458,3247.0,1740,278,0,62.0,10.0,72.0
186,134879,Photo,2,9,1,6,0.0,4048,7217.0,544.0,405.0,602,4046.0,2280,368,5,223.0,35.0,263.0
187,134879,Photo,2,9,7,10,0.0,1804,2968.0,330.0,280.0,352,2293.0,1354,234,0,61.0,6.0,67.0
188,134879,Photo,3,9,7,4,1.0,2351,4028.0,371.0,298.0,392,3112.0,1791,288,1,104.0,12.0,117.0
189,133679,Photo,2,9,2,10,0.0,3100,5388.0,518.0,422.0,609,3927.0,2274,367,3,146.0,15.0,164.0
190,133679,Photo,3,9,2,3,1.0,2360,4004.0,436.0,365.0,486,2757.0,1603,300,2,102.0,15.0,119.0
191,133679,Photo,3,8,1,10,0.0,19648,33643.0,1359.0,695.0,990,24034.0,13528,1020,9,766.0,43.0,818.0
192,133679,Photo,2,8,1,4,0.0,2295,3721.0,377.0,324.0,402,3121.0,1882,269,0,63.0,7.0,70.0
193,133594,Photo,2,8,7,10,1.0,3934,6330.0,512.0,437.0,599,5010.0,3082,384,3,113.0,17.0,133.0
194,133594,Photo,1,8,7,3,0.0,34512,76659.0,1666.0,1333.0,1977,54860.0,22816,1278,6,442.0,42.0,490.0
195,133594,Photo,2,8,6,10,0.0,5282,8730.0,703.0,530.0,772,5123.0,3244,470,9,278.0,43.0,330.0
196,133594,Photo,1,8,6,8,0.0,1809,3130.0,399.0,359.0,494,2541.0,1435,289,2,64.0,7.0,73.0
197,133594,Photo,2,8,5,13,0.0,1920,3124.0,365.0,331.0,428,2541.0,1519,251,1,52.0,7.0,60.0
198,133451,Photo,1,8,4,9,1.0,1954,3530.0,356.0,333.0,443,3295.0,1772,252,0,30.0,2.0,32.0
199,132817,Photo,3,8,4,10,0.0,33536,64850.0,1954.0,1016.0,1678,50076.0,24448,1564,33,1155.0,102.0,1290.0
200,132817,Photo,2,8,4,3,1.0,4204,7191.0,498.0,408.0,596,5161.0,2974,387,2,139.0,25.0,166.0
201,132817,Photo,1,8,3,9,0.0,3376,6557.0,428.0,409.0,631,5700.0,2806,331,0,40.0,5.0,45.0
202,132817,Status,2,8,3,2,1.0,9236,16054.0,1151.0,1130.0,1560,14014.0,7880,1075,2,53.0,15.0,70.0
203,132817,Photo,3,8,2,10,0.0,72864,205934.0,946.0,759.0,1158,122474.0,30912,646,4,220.0,19.0,243.0
204,132817,Photo,3,8,2,3,0.0,3358,5682.0,394.0,323.0,523,4200.0,2426,298,2,114.0,16.0,132.0
205,132201,Photo,1,8,1,12,1.0,3254,5644.0,371.0,344.0,513,5069.0,2846,283,0,39.0,3.0,42.0
206,132201,Photo,1,8,1,3,0.0,50640,121234.0,2240.0,1577.0,2779,92348.0,34880,1790,4,859.0,68.0,931.0
207,132201,Photo,2,8,7,10,0.0,3734,6218.0,529.0,434.0,794,4831.0,2868,389,5,137.0,20.0,162.0
208,132201,Photo,3,8,7,3,0.0,2594,4220.0,347.0,315.0,529,3418.0,2067,248,1,54.0,11.0,66.0
209,132201,Photo,2,8,6,10,1.0,2232,3772.0,376.0,322.0,440,2205.0,1306,257,2,74.0,22.0,98.0
210,132201,Photo,3,8,6,3,1.0,22120,54734.0,979.0,906.0,1751,46700.0,17528,796,6,98.0,3.0,107.0
211,132201,Photo,3,8,5,10,0.0,7980,12978.0,630.0,398.0,521,9342.0,5372,467,2,264.0,21.0,287.0
212,132201,Photo,2,8,5,1,0.0,1659,2845.0,345.0,321.0,424,1604.0,915,239,3,36.0,11.0,50.0
213,132201,Photo,3,8,4,11,1.0,1006,1594.0,277.0,268.0,354,1055.0,651,187,1,11.0,3.0,15.0
214,132201,Photo,3,8,4,3,1.0,12728,21685.0,844.0,461.0,683,15779.0,8844,657,4,435.0,31.0,470.0
215,131956,Photo,1,8,3,10,0.0,28880,64746.0,1062.0,991.0,1971,40181.0,15808,740,2,114.0,10.0,126.0
216,131956,Photo,2,8,3,4,0.0,1330,2327.0,363.0,351.0,433,1475.0,827,230,2,17.0,9.0,28.0
217,131956,Status,2,8,2,12,0.0,14424,26000.0,304.0,286.0,383,25539.0,14056,291,41,15.0,1.0,57.0
218,131956,Photo,1,8,2,7,0.0,14200,26728.0,1393.0,1354.0,3214,25610.0,13376,1233,3,87.0,10.0,100.0
219,131956,Photo,3,8,1,12,0.0,5746,9874.0,769.0,632.0,1063,7407.0,4288,584,16,227.0,28.0,271.0
220,131956,Photo,2,8,1,4,0.0,2540,4372.0,389.0,330.0,458,3655.0,2063,279,2,86.0,8.0,96.0
221,131956,Photo,3,8,7,10,0.0,4324,7241.0,548.0,431.0,676,4972.0,3008,401,6,179.0,27.0,212.0
222,131808,Status,2,8,7,4,0.0,8260,14305.0,997.0,953.0,1211,12905.0,7360,956,1,74.0,11.0,86.0
223,131808,Status,2,8,6,10,1.0,20168,35904.0,3370.0,3244.0,5106,26881.0,15056,2806,18,332.0,54.0,404.0
224,131808,Photo,1,8,6,6,0.0,5046,9084.0,528.0,477.0,906,7723.0,4184,421,2,80.0,21.0,103.0
225,131808,Status,2,7,5,14,0.0,15296,25269.0,2827.0,2781.0,3627,22103.0,13296,2602,9,95.0,17.0,121.0
226,131728,Photo,3,7,5,8,1.0,3414,6369.0,473.0,342.0,525,4518.0,2390,360,3,188.0,26.0,217.0
227,131728,Photo,1,7,4,10,1.0,95424,252207.0,699.0,575.0,882,78287.0,22016,417,6,109.0,11.0,126.0
228,131728,Photo,2,7,4,3,0.0,14824,21863.0,868.0,591.0,966,13498.0,8560,650,64,367.0,25.0,456.0
229,131630,Photo,2,7,3,13,0.0,3504,5699.0,444.0,374.0,497,4487.0,2730,348,9,102.0,19.0,130.0
230,131630,Photo,3,7,2,23,0.0,2822,5058.0,424.0,351.0,486,3681.0,2020,327,2,113.0,20.0,135.0
231,131630,Photo,3,7,2,13,0.0,2973,5063.0,356.0,297.0,415,3764.0,2208,266,0,94.0,20.0,114.0
232,131630,Status,2,7,2,6,1.0,10824,20573.0,135.0,126.0,153,20030.0,10384,126,6,14.0,1.0,21.0
233,131630,Photo,1,7,1,11,0.0,4592,6691.0,320.0,289.0,423,3238.0,2100,222,1,43.0,10.0,54.0
234,131630,Photo,2,7,1,5,0.0,3176,5278.0,372.0,319.0,577,3993.0,2426,279,1,98.0,21.0,120.0
235,131300,Status,2,7,7,10,0.0,10956,19279.0,128.0,119.0,130,18838.0,10564,123,3,13.0,1.0,17.0
236,131300,Photo,3,7,7,4,0.0,10888,19744.0,913.0,783.0,1370,14425.0,8048,722,12,237.0,45.0,294.0
237,131300,Photo,2,7,6,10,0.0,3594,6316.0,424.0,354.0,530,4319.0,2468,309,4,112.0,23.0,139.0
238,131300,Photo,1,7,6,2,0.0,3384,6166.0,451.0,395.0,561,4708.0,2508,344,2,101.0,25.0,128.0
239,130791,Photo,2,7,5,11,1.0,4096,7200.0,487.0,406.0,723,4911.0,2826,355,10,145.0,31.0,186.0
240,130791,Photo,3,7,5,3,0.0,19968,35161.0,1016.0,592.0,909,26701.0,14792,757,6,535.0,83.0,624.0
241,130791,Photo,1,7,4,11,0.0,4892,8499.0,536.0,460.0,721,7389.0,4206,428,4,118.0,22.0,144.0
242,130791,Status,2,7,4,6,0.0,17360,33613.0,2573.0,2448.0,6017,23338.0,11800,1905,9,484.0,79.0,572.0
243,130791,Video,1,7,3,11,1.0,21872,40413.0,3872.0,3822.0,7327,24667.0,12920,2218,18,315.0,76.0,409.0
245,130791,Photo,1,7,2,13,0.0,44464,66824.0,1052.0,930.0,1571,22904.0,14080,559,4,154.0,30.0,188.0
246,130791,Photo,2,7,2,8,0.0,2881,5188.0,550.0,503.0,730,3840.0,2040,323,0,73.0,15.0,88.0
247,129600,Photo,2,7,1,12,0.0,3460,6503.0,541.0,482.0,667,4371.0,2260,314,0,96.0,19.0,115.0
248,129600,Photo,3,7,1,6,0.0,3406,5656.0,571.0,512.0,731,4446.0,2598,355,1,98.0,19.0,118.0
249,129600,Photo,2,7,7,11,1.0,2602,4349.0,479.0,444.0,588,3342.0,1946,287,1,53.0,14.0,68.0
250,129600,Photo,1,7,7,6,1.0,5848,9068.0,622.0,570.0,795,6651.0,4212,383,4,71.0,10.0,85.0
251,129600,Photo,1,7,6,11,0.0,26944,43464.0,877.0,740.0,1097,20270.0,10208,563,6,194.0,34.0,234.0
252,129600,Photo,3,7,6,5,0.0,5292,9321.0,756.0,646.0,1033,5867.0,3404,516,6,226.0,42.0,274.0
253,129600,Status,2,7,5,12,1.0,15576,27513.0,2417.0,2327.0,3098,19078.0,10840,1839,11,238.0,51.0,300.0
254,129600,Photo,3,7,5,3,0.0,54256,82011.0,1620.0,963.0,1419,42128.0,24224,977,10,755.0,58.0,823.0
255,129600,Photo,2,7,4,12,1.0,3726,6372.0,602.0,574.0,785,4760.0,2852,399,30,47.0,8.0,85.0
256,129600,Photo,1,7,4,6,1.0,31904,50539.0,863.0,770.0,1106,24010.0,12992,583,2,126.0,32.0,160.0
257,129600,Photo,1,7,3,13,1.0,40336,65309.0,1407.0,1330.0,2251,27771.0,14848,907,4,104.0,10.0,118.0
258,129600,Photo,2,7,3,1,0.0,4220,7774.0,685.0,597.0,838,4404.0,2326,407,10,167.0,26.0,203.0
259,129600,Photo,3,7,2,13,0.0,4666,8360.0,729.0,648.0,1014,5010.0,2818,459,9,152.0,41.0,202.0
260,129600,Photo,2,7,2,7,1.0,4274,7948.0,701.0,638.0,1020,5936.0,3164,460,0,128.0,15.0,143.0
261,129600,Photo,1,7,1,13,0.0,28208,41650.0,964.0,827.0,1237,18035.0,11120,636,13,234.0,43.0,290.0
262,128032,Photo,2,7,1,3,0.0,3330,5461.0,513.0,478.0,652,3675.0,2196,307,2,61.0,16.0,79.0
263,128032,Photo,2,7,7,11,1.0,3528,5918.0,550.0,513.0,787,4606.0,2660,360,0,66.0,9.0,75.0
264,128032,Photo,3,7,7,3,0.0,38576,55398.0,1355.0,890.0,1328,17365.0,12624,827,7,529.0,60.0,596.0
265,128032,Photo,3,7,6,13,1.0,2628,4264.0,528.0,503.0,652,3086.0,1846,328,3,42.0,10.0,55.0
266,128032,Photo,1,7,6,3,0.0,7232,12735.0,758.0,700.0,1236,8855.0,4712,471,2,75.0,24.0,101.0
267,128032,Status,2,7,5,10,0.0,10188,16978.0,1473.0,1441.0,2136,14450.0,8536,1395,13,61.0,13.0,87.0
268,128032,Photo,1,7,5,3,0.0,6408,11881.0,909.0,861.0,14974,7243.0,4040,490,26,162.0,7.0,195.0
269,128032,Photo,1,7,4,9,1.0,3414,6050.0,515.0,493.0,710,5005.0,2704,340,2,47.0,4.0,53.0
270,128032,Photo,2,7,4,5,1.0,53056,65260.0,2003.0,1412.0,2089,23679.0,17104,975,6,696.0,28.0,730.0
271,128032,Photo,1,7,3,10,1.0,66976,111502.0,1191.0,1054.0,1641,40203.0,19968,708,7,215.0,47.0,269.0
272,127082,Photo,1,7,3,3,1.0,76096,94644.0,2889.0,2495.0,4596,31096.0,19744,1276,22,534.0,31.0,587.0
273,126424,Photo,3,7,4,12,0.0,5458,9098.0,1007.0,933.0,1181,5307.0,3204,537,1,143.0,27.0,171.0
274,126424,Photo,2,7,4,3,0.0,3706,6194.0,895.0,884.0,1173,4700.0,2726,493,18,46.0,7.0,71.0
275,126424,Status,2,7,3,13,0.0,18320,31448.0,3742.0,3682.0,7854,25584.0,14920,3300,36,98.0,14.0,148.0
276,126424,Photo,3,7,3,4,1.0,2316,3611.0,722.0,716.0,862,2545.0,1529,372,0,25.0,5.0,30.0
277,126424,Video,1,6,2,13,0.0,139008,277100.0,1779.0,1643.0,2356,107502.0,38720,1008,23,204.0,44.0,271.0
278,126345,Photo,1,6,2,9,1.0,5854,11854.0,1043.0,947.0,19779,5901.0,2894,583,11,202.0,5.0,218.0
279,126345,Photo,1,6,2,3,0.0,109056,191324.0,2552.0,2457.0,4906,48765.0,25024,1353,7,148.0,39.0,194.0
280,126345,Photo,2,6,1,12,0.0,3212,4908.0,735.0,720.0,897,3399.0,2162,375,1,40.0,8.0,49.0
281,126345,Photo,2,6,1,4,0.0,3046,4909.0,909.0,872.0,1147,3559.0,2126,477,1,71.0,17.0,89.0
282,126345,Status,2,6,7,11,0.0,12044,20327.0,2240.0,2193.0,3599,17717.0,10400,2119,0,104.0,13.0,117.0
283,126141,Photo,1,6,7,4,1.0,9652,16968.0,1400.0,1381.0,2801,15917.0,8972,1035,1,34.0,4.0,39.0
284,126141,Photo,1,6,6,12,0.0,28112,47721.0,1631.0,1537.0,2438,41207.0,23440,1225,11,129.0,12.0,152.0
285,126141,Status,2,6,6,4,0.0,8628,14847.0,870.0,843.0,1692,11970.0,6796,774,4,72.0,18.0,94.0
286,126141,Photo,1,6,5,11,1.0,2431,4180.0,389.0,383.0,7980,3963.0,2301,342,0,15.0,3.0,18.0
287,126141,Photo,1,6,4,22,1.0,20560,24112.0,936.0,860.0,1126,5648.0,3856,460,14,102.0,9.0,125.0
288,126141,Photo,1,6,4,12,0.0,20896,29062.0,1418.0,1038.0,2048,19738.0,13656,998,103,469.0,33.0,605.0
289,125612,Photo,1,6,4,11,0.0,2402,4072.0,170.0,145.0,286,3147.0,1794,137,5,57.0,5.0,67.0
290,125612,Photo,1,6,4,7,0.0,1729,3289.0,596.0,591.0,735,2888.0,1406,340,0,23.0,2.0,25.0
291,125612,Photo,2,6,4,3,0.0,4320,7127.0,753.0,681.0,1021,4569.0,2782,459,5,141.0,26.0,172.0
292,125612,Photo,1,6,3,11,0.0,2585,4410.0,569.0,560.0,781,3802.0,2144,348,0,19.0,5.0,24.0
293,125612,Photo,2,6,3,3,0.0,3322,5969.0,610.0,569.0,852,4111.0,2236,375,1,71.0,23.0,95.0
294,125612,Photo,1,6,2,13,0.0,3600,5807.0,691.0,656.0,913,3351.0,2110,436,0,72.0,21.0,93.0
295,125612,Photo,1,6,2,2,0.0,11620,21564.0,1160.0,1138.0,2042,20024.0,10568,920,5,54.0,7.0,66.0
296,125612,Photo,3,6,1,14,0.0,4248,7004.0,724.0,671.0,920,5063.0,3114,501,5,93.0,19.0,117.0
297,125612,Photo,3,6,1,3,0.0,2763,4388.0,564.0,523.0,650,3519.0,2124,375,0,62.0,10.0,72.0
298,125612,Photo,2,6,7,11,0.0,3558,5396.0,621.0,568.0,775,3708.0,2392,403,0,78.0,16.0,94.0
299,124940,Photo,1,6,7,4,0.0,8324,14480.0,840.0,834.0,1388,13786.0,7736,662,0,14.0,1.0,15.0
300,124940,Photo,2,6,6,9,0.0,6952,11469.0,909.0,779.0,1229,7431.0,4292,646,11,231.0,43.0,285.0
301,124940,Photo,3,6,6,2,1.0,2823,4955.0,552.0,503.0,622,3579.0,1966,348,1,72.0,16.0,89.0
302,124940,Photo,1,6,5,13,1.0,63840,102620.0,1382.0,1229.0,1871,32470.0,16480,760,9,197.0,28.0,234.0
303,124940,Photo,3,6,5,3,1.0,11608,15323.0,985.0,705.0,940,8419.0,5840,594,4,330.0,29.0,363.0
304,124940,Photo,1,6,4,12,0.0,58304,80871.0,884.0,715.0,1034,2289.0,1408,340,0,148.0,7.0,155.0
305,124940,Photo,3,6,4,2,0.0,4762,8303.0,842.0,725.0,1014,6086.0,3494,569,2,208.0,28.0,238.0
306,124940,Photo,2,6,3,13,0.0,6150,10217.0,750.0,676.0,969,6253.0,3742,445,12,148.0,28.0,188.0
307,124940,Photo,3,6,3,3,1.0,4644,8178.0,768.0,683.0,1000,5651.0,3144,506,4,154.0,26.0,184.0
308,124940,Photo,3,6,2,13,0.0,22464,29650.0,1029.0,934.0,1408,9376.0,6864,546,3,142.0,18.0,163.0
309,124940,Photo,3,6,2,3,0.0,3754,6295.0,791.0,730.0,1072,4343.0,2590,482,8,107.0,20.0,135.0
310,124940,Photo,1,6,1,13,0.0,4452,7998.0,666.0,658.0,948,7037.0,3768,397,0,22.0,3.0,25.0
311,124940,Photo,3,6,1,3,0.0,3576,5525.0,664.0,618.0,870,4229.0,2672,403,2,84.0,13.0,99.0
312,124940,Photo,3,6,7,10,0.0,3028,4794.0,579.0,548.0,740,3574.0,2184,349,2,59.0,12.0,73.0
313,124940,Photo,3,6,7,3,1.0,4022,6503.0,647.0,616.0,995,5416.0,3312,423,3,65.0,14.0,82.0
314,124940,Photo,1,6,6,12,1.0,52736,73584.0,1635.0,1622.0,2824,18580.0,10144,876,0,24.0,4.0,28.0
315,124940,Photo,3,6,6,4,0.0,47376,70212.0,1557.0,1426.0,2051,22710.0,13344,697,9,186.0,23.0,218.0
316,123047,Photo,3,6,5,12,0.0,3234,5113.0,756.0,724.0,937,3476.0,2174,347,0,58.0,17.0,75.0
317,123047,Photo,2,6,5,3,0.0,3322,5553.0,702.0,656.0,863,3484.0,1968,328,2,74.0,14.0,90.0
318,123047,Photo,3,6,4,13,0.0,6768,11525.0,768.0,672.0,930,7048.0,4012,408,2,180.0,44.0,226.0
319,123047,Photo,2,6,4,5,1.0,11304,20647.0,1141.0,1065.0,1874,14792.0,7800,732,18,168.0,49.0,235.0
320,123047,Photo,1,6,3,11,0.0,13544,18474.0,759.0,733.0,1082,7326.0,4120,408,0,36.0,5.0,41.0
321,123047,Photo,3,6,2,13,0.0,3418,5659.0,581.0,546.0,770,4491.0,2620,327,2,51.0,6.0,59.0
322,123047,Photo,3,6,2,5,1.0,3662,6476.0,560.0,522.0,677,4930.0,2660,319,2,67.0,14.0,83.0
323,123047,Photo,3,6,1,10,0.0,56672,104966.0,2579.0,1334.0,1850,78678.0,37408,1831,20,1372.0,47.0,1439.0
324,123047,Photo,3,6,1,3,1.0,3294,5499.0,526.0,488.0,599,4658.0,2710,305,2,57.0,6.0,65.0
325,121540,Photo,3,6,1,3,0.0,3110,5405.0,732.0,712.0,892,4605.0,2540,342,2,33.0,10.0,45.0
326,121540,Photo,2,5,7,14,0.0,3806,6486.0,722.0,658.0,880,4955.0,2772,361,1,79.0,17.0,97.0
327,120050,Photo,3,5,5,9,1.0,3776,6736.0,577.0,529.0,719,4846.0,2614,371,3,97.0,22.0,122.0
328,120050,Photo,3,5,4,12,0.0,39040,55633.0,1684.0,1183.0,2123,32021.0,19712,1101,16,617.0,58.0,691.0
329,120050,Photo,3,5,4,4,1.0,4032,7278.0,684.0,607.0,848,4935.0,2644,432,7,139.0,34.0,180.0
330,120050,Photo,3,5,3,12,0.0,21248,34095.0,1049.0,918.0,1438,11280.0,6664,536,20,199.0,32.0,251.0
331,119198,Photo,3,5,3,5,0.0,4344,8025.0,692.0,626.0,872,4911.0,2528,367,1,107.0,26.0,134.0
332,119198,Photo,3,5,2,12,0.0,2718,4698.0,566.0,528.0,663,3601.0,1992,306,0,50.0,10.0,60.0
333,119198,Photo,3,5,2,1,0.0,3024,5630.0,596.0,560.0,721,4114.0,2098,341,0,64.0,20.0,84.0
334,119198,Status,2,5,1,2,0.0,10152,17099.0,1636.0,1599.0,2755,15382.0,8980,1613,2,55.0,10.0,67.0
335,119198,Photo,2,5,7,2,0.0,4708,8090.0,678.0,594.0,889,4664.0,2690,390,1,142.0,37.0,180.0
336,119198,Photo,3,5,6,14,0.0,2772,4642.0,526.0,479.0,604,3353.0,1943,305,2,72.0,9.0,83.0
337,119198,Photo,3,5,6,6,0.0,2812,4954.0,536.0,485.0,672,3382.0,1853,323,4,79.0,16.0,99.0
338,119198,Photo,3,5,5,10,1.0,6460,11373.0,823.0,706.0,1197,6279.0,3612,505,25,244.0,44.0,313.0
339,117764,Photo,1,5,4,10,0.0,18056,32576.0,1062.0,875.0,1389,26514.0,14728,701,25,307.0,58.0,390.0
340,117764,Photo,3,5,4,4,0.0,5016,8745.0,679.0,569.0,966,5904.0,3322,488,6,212.0,36.0,254.0
341,117764,Photo,3,5,3,11,0.0,3528,6181.0,470.0,415.0,583,4249.0,2352,322,2,95.0,17.0,114.0
342,117764,Photo,2,5,2,11,0.0,6444,11509.0,734.0,625.0,1157,7910.0,4136,512,5,194.0,33.0,232.0
343,117764,Photo,3,5,1,13,1.0,4458,7753.0,491.0,432.0,676,5493.0,3106,340,6,101.0,29.0,136.0
344,117764,Link,1,5,1,2,0.0,12540,19301.0,344.0,322.0,396,16914.0,11008,289,3,46.0,14.0,63.0
345,117764,Photo,3,5,7,13,1.0,4362,7378.0,604.0,509.0,767,5681.0,3216,469,3,156.0,20.0,179.0
346,117764,Photo,3,5,7,2,0.0,38960,65149.0,2298.0,1702.0,3000,57722.0,34368,1978,37,821.0,90.0,948.0
347,117764,Photo,3,5,6,13,0.0,3144,5067.0,392.0,356.0,507,3586.0,2148,271,1,58.0,13.0,72.0
348,117764,Photo,3,5,6,8,1.0,4336,7705.0,574.0,484.0,847,5156.0,2752,403,12,155.0,23.0,190.0
349,117764,Photo,3,5,5,13,0.0,81856,124753.0,3000.0,1637.0,2718,52477.0,27392,1756,45,1639.0,122.0,1806.0
350,116435,Photo,2,5,5,9,0.0,5728,10164.0,676.0,587.0,1049,6890.0,3714,475,3,155.0,32.0,190.0
351,116435,Photo,3,5,4,13,1.0,5490,9518.0,647.0,555.0,847,6549.0,3716,476,4,166.0,33.0,203.0
352,116435,Status,1,5,4,3,1.0,23832,42313.0,1701.0,1570.0,2838,37816.0,21352,1578,6,210.0,39.0,255.0
353,116435,Photo,3,5,3,7,0.0,18552,25542.0,1005.0,676.0,1021,15973.0,10584,676,4,400.0,25.0,429.0
354,116435,Photo,2,5,2,14,0.0,4132,7165.0,552.0,495.0,713,4908.0,2754,398,2,98.0,18.0,118.0
355,116435,Photo,1,5,2,8,0.0,4910,9209.0,625.0,561.0,869,5768.0,2812,411,12,138.0,38.0,188.0
356,116435,Photo,3,5,1,13,0.0,4202,7633.0,562.0,481.0,730,6173.0,3298,428,3,148.0,16.0,167.0
357,116091,Photo,2,5,1,3,0.0,5976,10441.0,689.0,544.0,833,7055.0,4046,487,2,267.0,40.0,309.0
358,116091,Photo,2,5,7,14,0.0,5206,8962.0,565.0,492.0,878,6461.0,3708,414,1,144.0,29.0,174.0
359,116091,Photo,3,5,7,2,0.0,6984,12066.0,780.0,631.0,1116,8188.0,4776,570,25,256.0,54.0,335.0
360,116091,Photo,1,5,6,9,0.0,6000,10300.0,577.0,539.0,886,7886.0,4454,429,3,72.0,24.0,99.0
361,116091,Photo,3,5,6,3,0.0,3332,5797.0,463.0,406.0,552,4347.0,2330,341,0,87.0,18.0,105.0
362,116091,Status,2,5,5,7,0.0,9232,16811.0,908.0,861.0,1967,12996.0,7200,843,1,129.0,36.0,166.0
363,115893,Photo,3,4,4,15,1.0,5212,9035.0,736.0,642.0,1005,6258.0,3608,597,1,179.0,30.0,210.0
364,115893,Photo,1,4,3,13,0.0,24264,51899.0,1599.0,1485.0,3153,48466.0,21928,1392,9,194.0,33.0,236.0
365,115368,Photo,3,4,3,8,0.0,4280,7594.0,624.0,555.0,771,4632.0,2530,497,1,124.0,32.0,157.0
366,115368,Photo,3,4,2,13,0.0,6692,11859.0,905.0,742.0,1165,8391.0,4692,737,4,304.0,47.0,355.0
367,115368,Photo,3,4,2,2,1.0,5594,9586.0,739.0,670.0,1048,5732.0,3256,555,12,138.0,39.0,189.0
368,115368,Photo,1,4,1,2,0.0,11336,15350.0,583.0,547.0,724,13876.0,10160,484,4,41.0,9.0,54.0
369,113028,Photo,2,4,7,3,1.0,5582,9903.0,708.0,620.0,923,6315.0,3422,557,2,163.0,35.0,200.0
370,113028,Photo,1,4,6,14,0.0,28352,55202.0,1476.0,1242.0,1990,47899.0,24512,1185,45,407.0,76.0,528.0
371,113028,Status,2,4,6,3,1.0,17912,34774.0,2750.0,2567.0,6591,21009.0,11408,2256,17,447.0,123.0,587.0
372,113028,Link,1,4,5,7,1.0,35360,45260.0,339.0,325.0,477,9105.0,5472,156,7,38.0,11.0,56.0
373,113028,Photo,1,4,5,5,0.0,9084,15194.0,962.0,916.0,1897,11853.0,7024,758,2,93.0,26.0,121.0
374,113028,Photo,1,4,4,12,1.0,6880,11736.0,671.0,639.0,889,9389.0,5232,556,0,59.0,16.0,75.0
375,111620,Photo,3,4,4,7,1.0,12824,18929.0,830.0,623.0,864,15678.0,10968,705,0,286.0,30.0,316.0
376,111620,Photo,3,4,3,7,0.0,6596,9835.0,564.0,526.0,678,8242.0,5352,456,0,66.0,13.0,79.0
377,111620,Photo,3,4,2,13,1.0,7492,12414.0,838.0,713.0,1274,8452.0,5024,670,8,236.0,51.0,295.0
378,111620,Photo,1,4,2,6,1.0,44288,60918.0,1215.0,1105.0,1746,22130.0,14224,814,2,152.0,11.0,165.0
379,111620,Photo,3,4,1,14,1.0,105632,147918.0,3984.0,2254.0,3391,48575.0,27328,1936,51,1998.0,128.0,2177.0
380,111620,Photo,1,4,7,14,0.0,128064,251269.0,1539.0,1408.0,2506,84046.0,32384,985,8,186.0,18.0,212.0
381,109670,Photo,3,4,6,20,0.0,5994,9970.0,964.0,838.0,1254,6896.0,3998,683,11,235.0,34.0,280.0
382,109670,Photo,1,4,6,13,0.0,6172,10417.0,718.0,684.0,906,7692.0,4234,508,1,64.0,22.0,87.0
383,109670,Photo,3,4,6,3,0.0,4986,8198.0,662.0,614.0,788,5685.0,3230,469,2,92.0,28.0,122.0
384,109670,Photo,1,4,5,13,0.0,6668,10701.0,669.0,642.0,943,7956.0,4696,492,3,53.0,13.0,69.0
385,109670,Photo,3,4,5,7,1.0,5298,8875.0,657.0,575.0,874,5640.0,3206,471,5,140.0,38.0,183.0
386,109670,Photo,1,4,4,3,0.0,35008,45508.0,621.0,597.0,768,8149.0,4864,389,0,48.0,8.0,56.0
387,109670,Photo,1,4,3,13,1.0,5402,8891.0,700.0,633.0,1078,6733.0,3992,514,0,112.0,14.0,126.0
388,109670,Photo,1,4,3,8,0.0,9880,12695.0,524.0,497.0,658,7072.0,4732,382,0,35.0,5.0,40.0
389,109670,Photo,1,4,2,13,0.0,3334,5953.0,584.0,565.0,842,4954.0,2604,440,4,37.0,3.0,44.0
390,109670,Photo,3,4,2,2,1.0,3130,5313.0,522.0,495.0,616,3821.0,2112,385,0,48.0,14.0,62.0
391,109670,Photo,2,4,1,13,1.0,32208,55696.0,1933.0,1367.0,2123,43980.0,24720,1568,6,766.0,109.0,881.0
392,109670,Photo,1,4,1,2,0.0,20920,26026.0,705.0,642.0,913,13546.0,9768,538,1,96.0,18.0,115.0
393,109670,Photo,3,4,7,14,0.0,3884,6406.0,518.0,483.0,597,4747.0,2686,392,1,57.0,13.0,71.0
394,107907,Photo,3,4,7,13,0.0,4240,7057.0,601.0,542.0,730,5026.0,2868,461,3,114.0,21.0,138.0
395,107907,Photo,1,4,6,9,0.0,3544,6156.0,509.0,482.0,701,5011.0,2746,387,1,51.0,6.0,58.0
396,107907,Photo,3,4,6,3,1.0,3286,6276.0,504.0,458.0,633,4010.0,2162,376,1,87.0,27.0,115.0
397,107907,Photo,1,4,5,9,0.0,71360,110172.0,1784.0,1732.0,3383,47977.0,25888,1103,5,81.0,11.0,97.0
398,107907,Photo,3,4,5,3,0.0,3824,6333.0,666.0,627.0,822,4447.0,2604,462,1,71.0,18.0,90.0
399,107907,Photo,3,4,4,13,0.0,6360,11079.0,715.0,631.0,1028,6661.0,3864,505,9,164.0,52.0,225.0
400,107907,Photo,3,4,4,5,1.0,3714,6385.0,537.0,481.0,645,4441.0,2512,395,5,91.0,26.0,122.0
401,107907,Photo,1,4,3,13,1.0,46192,80227.0,1364.0,1096.0,1697,32842.0,16960,762,9,329.0,38.0,376.0
402,107907,Photo,1,4,3,4,1.0,39568,47128.0,741.0,652.0,957,22022.0,16096,519,4,128.0,17.0,149.0
403,107907,Link,1,4,2,6,0.0,70912,94172.0,1374.0,1106.0,1267,42338.0,27232,788,1,379.0,40.0,420.0
404,107907,Photo,3,4,1,3,0.0,4552,7253.0,471.0,444.0,569,4440.0,2664,316,1,52.0,24.0,77.0
405,107907,Photo,3,4,7,10,0.0,4390,7004.0,484.0,453.0,602,4607.0,2862,347,1,63.0,26.0,90.0
406,107907,Photo,3,4,7,3,0.0,4770,7716.0,494.0,455.0,632,5040.0,3114,344,2,97.0,25.0,124.0
407,106928,Photo,3,4,6,9,1.0,2970,4649.0,421.0,390.0,544,3346.0,2044,301,2,56.0,9.0,67.0
408,106928,Link,1,4,6,4,0.0,34192,42092.0,338.0,322.0,389,22907.0,16464,230,1,36.0,7.0,44.0
409,106928,Photo,2,4,5,13,0.0,5302,8769.0,624.0,566.0,979,6021.0,3606,441,4,138.0,26.0,168.0
410,106928,Photo,2,4,5,3,0.0,5560,9301.0,642.0,586.0,984,6600.0,3916,463,7,142.0,24.0,173.0
411,106928,Photo,3,4,4,13,0.0,4406,6769.0,477.0,433.0,571,4550.0,2830,335,1,75.0,15.0,91.0
412,106928,Photo,1,4,4,3,1.0,5290,8132.0,612.0,570.0,857,6032.0,3794,454,1,89.0,14.0,104.0
413,104070,Photo,1,3,5,14,1.0,3696,5824.0,517.0,474.0,742,4166.0,2650,391,2,63.0,16.0,81.0
414,104070,Photo,1,3,4,14,1.0,6030,9579.0,735.0,659.0,1448,6956.0,4418,572,3,176.0,29.0,208.0
416,104070,Status,1,3,3,15,0.0,9120,14759.0,951.0,937.0,1290,13246.0,8004,924,3,25.0,6.0,34.0
417,104070,Photo,1,3,3,10,0.0,1874,2474.0,25.0,25.0,31,1483.0,1062,15,0,0.0,0.0,0.0
418,102112,Photo,1,3,3,10,0.0,4122,7073.0,466.0,455.0,609,5827.0,3302,361,1,27.0,11.0,39.0
419,102112,Photo,1,3,3,4,0.0,5080,8238.0,523.0,505.0,727,6630.0,3892,403,0,39.0,14.0,53.0
420,102112,Photo,1,3,2,12,0.0,4068,7333.0,538.0,513.0,934,5914.0,3198,402,0,61.0,13.0,74.0
421,102112,Photo,1,3,2,3,0.0,3272,6079.0,463.0,446.0,653,5079.0,2644,357,0,32.0,7.0,39.0
422,102112,Photo,1,3,1,19,0.0,238,570.0,143.0,142.0,834,567.0,236,99,0,2.0,0.0,2.0
423,102112,Photo,1,3,1,18,0.0,3358,5900.0,541.0,507.0,4550,4650.0,2800,344,8,109.0,3.0,120.0
424,102112,Photo,1,3,1,18,0.0,6400,11941.0,735.0,726.0,8415,10987.0,5916,628,0,32.0,6.0,38.0
425,102112,Link,3,3,1,3,0.0,6876,10885.0,282.0,245.0,337,9403.0,5752,259,2,68.0,15.0,85.0
426,100732,Photo,1,3,7,18,0.0,391,746.0,131.0,130.0,766,723.0,380,93,0,6.0,1.0,7.0
427,100732,Photo,1,3,7,17,0.0,10844,22468.0,1409.0,1339.0,11064,18310.0,8848,1086,4,213.0,13.0,230.0
428,100732,Photo,1,3,7,15,0.0,5132,9067.0,398.0,398.0,1690,9065.0,5132,393,0,2.0,0.0,2.0
429,100732,Photo,1,3,7,15,0.0,3772,6971.0,144.0,144.0,1033,6932.0,3758,140,0,3.0,0.0,3.0
430,100732,Link,1,3,7,14,0.0,2933,5144.0,24.0,23.0,26,3972.0,2012,19,0,6.0,0.0,6.0
431,100732,Photo,1,3,7,12,0.0,4094,7469.0,206.0,203.0,1420,7451.0,4088,200,0,4.0,0.0,4.0
432,100732,Photo,1,3,6,17,0.0,452,726.0,186.0,184.0,889,721.0,450,114,0,4.0,1.0,5.0
433,100732,Photo,1,3,6,17,0.0,11420,23855.0,1411.0,1342.0,8049,16634.0,8032,865,12,211.0,14.0,237.0
434,100732,Photo,1,3,6,15,0.0,5704,10510.0,452.0,450.0,2895,9348.0,5388,361,1,15.0,1.0,17.0
435,100732,Photo,1,3,6,15,0.0,7192,12811.0,587.0,554.0,3941,11519.0,6616,472,11,95.0,4.0,110.0
436,100732,Photo,1,3,6,13,1.0,9604,16557.0,1061.0,1037.0,9614,13618.0,7984,705,16,127.0,0.0,143.0
437,100732,Photo,1,3,6,10,0.0,122944,457509.0,1373.0,1268.0,2106,72846.0,13184,475,0,136.0,13.0,149.0
438,98195,Link,2,3,6,6,0.0,5730,10083.0,103.0,71.0,97,8964.0,4830,92,2,32.0,15.0,49.0
439,98195,Photo,1,3,6,3,0.0,4898,7960.0,560.0,528.0,719,6380.0,3730,363,1,76.0,9.0,86.0
440,98195,Photo,1,3,5,10,0.0,4118,7355.0,546.0,526.0,675,6423.0,3466,379,1,28.0,7.0,36.0
441,98195,Photo,1,3,5,4,1.0,1845,2670.0,9.0,9.0,9,1614.0,1008,9,0,0.0,0.0,0.0
442,98195,Photo,3,3,4,13,0.0,34480,191207.0,1591.0,1156.0,1926,184270.0,30720,1292,10,664.0,97.0,771.0
443,96749,Photo,3,3,2,9,0.0,5338,9940.0,589.0,556.0,715,8146.0,3920,363,1,62.0,10.0,73.0
444,96749,Photo,2,3,2,5,0.0,5312,9411.0,603.0,582.0,795,7034.0,3588,345,0,48.0,20.0,68.0
445,96749,Photo,1,3,1,13,1.0,4412,8070.0,711.0,678.0,926,6937.0,3478,346,1,55.0,7.0,63.0
447,96749,Photo,1,3,7,10,1.0,7220,12735.0,2348.0,2300.0,3311,9837.0,5296,642,6,88.0,24.0,118.0
448,96749,Photo,1,3,7,5,1.0,14320,21958.0,1850.0,1819.0,2170,9579.0,4664,413,2,59.0,6.0,67.0
449,93684,Photo,1,2,6,13,1.0,27056,162816.0,2299.0,2127.0,2737,160270.0,25424,1146,6,234.0,26.0,266.0
450,93577,Photo,1,2,6,6,0.0,20528,33000.0,1876.0,1800.0,2654,14636.0,7632,656,3,148.0,21.0,172.0
451,93470,Photo,1,2,5,12,0.0,6416,11459.0,1362.0,1313.0,1652,9122.0,4716,497,0,96.0,29.0,125.0
452,93363,Photo,1,2,5,6,0.0,5786,10634.0,1237.0,1218.0,1526,9103.0,4764,483,4,49.0,15.0,68.0
453,93256,Photo,3,2,4,12,0.0,5878,10508.0,1132.0,1087.0,1380,8471.0,4528,446,3,98.0,27.0,128.0
454,93149,Photo,3,2,4,3,0.0,9528,16535.0,1383.0,1288.0,1834,11276.0,6260,630,14,198.0,70.0,282.0
455,93042,Photo,3,2,3,13,0.0,8500,14157.0,1095.0,1029.0,1422,9670.0,5640,465,5,159.0,53.0,217.0
456,92935,Photo,1,2,3,9,1.0,3796,6737.0,949.0,940.0,1192,5249.0,2694,398,1,22.0,6.0,29.0
457,92828,Photo,1,2,3,6,0.0,28128,42940.0,2283.0,2190.0,3400,9183.0,4560,621,6,154.0,18.0,178.0
458,92721,Photo,3,2,2,13,0.0,7228,12627.0,1239.0,1189.0,1612,9781.0,5348,606,5,128.0,32.0,165.0
459,92614,Photo,2,2,2,3,1.0,5290,9100.0,1053.0,994.0,1326,6285.0,3578,441,2,129.0,32.0,163.0
461,92400,Photo,1,2,1,4,0.0,5880,10115.0,1291.0,1264.0,1878,8536.0,4884,706,5,79.0,11.0,95.0
462,92293,Photo,3,2,7,13,1.0,10040,17029.0,1429.0,1346.0,2022,11744.0,6964,742,19,214.0,78.0,311.0
463,92186,Photo,3,2,7,2,1.0,153536,497910.0,1713.0,1633.0,2493,8907.0,5696,593,8,134.0,34.0,176.0
464,92079,Photo,1,2,6,13,0.0,158208,453213.0,2482.0,2319.0,3412,81938.0,20608,1034,9,268.0,36.0,313.0
465,91972,Photo,3,2,6,3,0.0,6484,10832.0,1166.0,1115.0,1441,7316.0,4280,583,4,128.0,38.0,170.0
466,91865,Photo,2,2,5,13,1.0,4840,7466.0,949.0,923.0,1116,5362.0,3370,447,3,47.0,21.0,71.0
467,91758,Photo,2,2,5,3,1.0,15880,51571.0,1188.0,1071.0,1410,47976.0,13560,677,1,200.0,37.0,238.0
468,91651,Photo,1,2,4,12,0.0,15288,31467.0,1573.0,1401.0,2110,28247.0,13312,1052,5,264.0,36.0,305.0
469,91544,Photo,3,2,4,3,0.0,9528,16779.0,1245.0,1175.0,1725,11885.0,6672,729,10,193.0,61.0,264.0
470,91437,Link,1,2,3,13,0.0,9356,14986.0,448.0,381.0,505,13919.0,8460,392,4,114.0,13.0,131.0
471,91330,Photo,3,2,3,3,0.0,7732,13264.0,1066.0,1002.0,1336,8753.0,4880,570,7,160.0,57.0,224.0
472,91223,Photo,1,2,2,13,0.0,5240,8893.0,857.0,837.0,1020,7420.0,4232,466,0,46.0,15.0,61.0
473,91116,Photo,3,2,2,4,1.0,7132,12060.0,1004.0,944.0,1226,8294.0,4736,576,4,136.0,42.0,182.0
474,91009,Photo,1,2,1,12,0.0,21928,39641.0,1512.0,1479.0,1837,6338.0,3672,497,0,73.0,13.0,86.0
475,86909,Photo,3,1,6,16,1.0,5754,9238.0,1179.0,1143.0,1452,6101.0,3546,420,0,65.0,19.0,84.0
476,86909,Photo,1,1,6,10,1.0,37088,10966.0,2728.0,2288.0,3183,66311.0,34352,2021,7,579.0,47.0,633.0
477,86909,Link,1,1,6,4,0.0,39600,7927.0,572.0,496.0,581,12522.0,8176,167,1,101.0,5.0,107.0
478,86909,Photo,3,1,5,13,0.0,5536,8745.0,1141.0,1099.0,1461,5225.0,3098,483,1,74.0,31.0,106.0
479,86909,Photo,3,1,5,4,0.0,6056,10325.0,1117.0,1078.0,1427,6823.0,3788,487,7,84.0,36.0,127.0
480,86909,Photo,2,1,4,11,0.0,11484,20696.0,1762.0,1635.0,2741,8774.0,5124,722,56,360.0,99.0,515.0
481,86491,Link,1,1,4,4,1.0,4938,7910.0,66.0,63.0,70,6625.0,3804,59,0,5.0,2.0,7.0
482,86491,Photo,3,1,3,10,0.0,66784,9456.0,2969.0,2833.0,3645,17809.0,11328,801,3,187.0,36.0,226.0
483,86491,Photo,2,1,3,3,0.0,5526,8779.0,1096.0,1058.0,1399,5732.0,3412,453,2,69.0,26.0,97.0
484,86491,Photo,3,1,2,7,0.0,5040,8367.0,1062.0,1023.0,1348,5485.0,3068,437,2,82.0,24.0,108.0
485,86491,Link,1,1,2,2,0.0,5168,8371.0,66.0,59.0,71,7041.0,3996,58,0,12.0,2.0,14.0
486,85979,Photo,3,1,1,12,0.0,5034,8030.0,1020.0,993.0,1243,5340.0,3094,440,2,56.0,25.0,83.0
487,85979,Photo,3,1,1,2,0.0,4908,7491.0,957.0,937.0,1153,4642.0,2842,393,1,44.0,21.0,66.0
488,85979,Photo,3,1,7,10,0.0,9700,17442.0,1407.0,1271.0,2007,8872.0,4876,660,21,277.0,80.0,378.0
489,85979,Photo,3,1,7,2,0.0,4800,7754.0,975.0,938.0,1278,4932.0,2820,432,1,74.0,28.0,103.0
490,85979,Photo,3,1,6,11,0.0,5280,8703.0,951.0,911.0,1237,5757.0,3300,431,1,79.0,30.0,110.0
491,85979,Photo,3,1,6,3,1.0,6184,10228.0,956.0,901.0,1140,6085.0,3502,437,1,105.0,46.0,152.0
492,85979,Link,1,1,5,11,0.0,45920,5808.0,753.0,655.0,763,15766.0,10720,220,0,128.0,9.0,137.0
493,85093,Photo,3,1,1,2,0.0,8412,13960.0,1179.0,1111.0,1632,8632.0,5348,699,17,185.0,55.0,257.0
494,85093,Photo,3,1,7,10,0.0,5400,9218.0,810.0,756.0,1003,5654.0,3230,422,10,125.0,41.0,176.0
495,85093,Photo,3,1,7,2,0.0,4684,7536.0,733.0,708.0,985,4750.0,2876,392,5,53.0,26.0,84.0
496,81370,Photo,2,1,5,8,0.0,3480,6229.0,537.0,508.0,687,3961.0,2104,301,0,53.0,22.0,75.0
497,81370,Photo,1,1,5,2,0.0,3778,7216.0,625.0,572.0,795,4742.0,2388,363,4,93.0,18.0,115.0
498,81370,Photo,3,1,4,11,0.0,4156,7564.0,626.0,574.0,832,4534.0,2452,370,7,91.0,38.0,136.0
